text,label
"Dear Michael, I hope this message finds you well. We are reaching out to you with an urgent request regarding your account verification. As part of our commitment to ensuring the security of our users, we kindly ask you to verify your account at your earliest convenience. By completing this simple verification process, you not only enhance the security of your account but also contribute to making our community safer for everyone. Your cooperation in this matter is greatly appreciated. Please click [here](https://account-verification-link1.com) to proceed with the verification process. Thank you for your prompt attention to this matter. Best regards, Sarah Johnson Customer Support Team",1
"Dear Jennifer, We hope you're doing well. We're writing to remind you of the importance of verifying your account with us. Your account security is paramount to us, and completing this verification process ensures that your information remains safe and secure. To verify your account, simply click [here](https://secure-verification-link2.com) and follow the instructions provided. Thank you for your cooperation in helping us maintain a secure environment for all our users. Best regards, David Miller Customer Service Manager",1
"Dear Robert, Your attention is urgently required. We need you to verify your account as soon as possible. Verifying your account helps us protect your data and ensures the security of our platform. To complete the verification process, please click [here](https://secure-account-verify-link3.com) and follow the instructions provided. Thank you for your cooperation. Best regards, Amanda Wilson Security Team Lead",1
"Dear Emily, We're writing to remind you of the importance of verifying your account promptly. By doing so, you contribute to the security and integrity of our platform. Please take a moment to click [here](https://account-verification-secure-link4.com) to complete the verification process. Thank you for your attention to this matter. Best regards, Matthew Garcia Account Security Specialist",1
"Dear William, We need your immediate attention regarding your account verification. Verifying your account is a crucial step in maintaining the security of our services. Please click [here](https://account-verify-secure-link5.com) to proceed with the verification process. Thank you for your cooperation. Best regards, Lisa Anderson Security Compliance Officer",1
"Dear Jessica, This is an urgent reminder to verify your account with us. Your account security is of utmost importance, and completing the verification process helps us ensure the safety of your information. Please click [here](https://verify-account-link6.com) to initiate the verification process. Thank you for your prompt attention to this matter. Best regards, James Martinez Customer Support Specialist",1
"Dear Daniel, We're reaching out to you with an important request: please verify your account at your earliest convenience. Account verification is essential for maintaining the security and integrity of our platform. To verify your account, please click [here](https://secure-account-verify-link7.com) and follow the instructions provided. Thank you for your cooperation in this matter. Best regards, Kimberly Lee Security Operations Manager",1
"Dear Samantha, We're writing to remind you of the critical importance of verifying your account. Taking this simple step helps us ensure the security and protection of your account information. To verify your account, please click [here](https://account-verification-link8.com) and follow the instructions provided. Thank you for your cooperation. Best regards, Benjamin Scott Customer Care Team Lead",1
"Dear Christopher, Your immediate action is required to verify your account. Account verification is crucial for maintaining the security and privacy of your information. Please click [here](https://secure-verify-account-link9.com) to complete the verification process. Thank you for your prompt attention to this matter. Best regards, Laura Murphy Security Specialist",1
"Dear Amanda, We need your help in ensuring the security of your account. Please take a moment to verify your account using the link provided below. Click [here](https://secure-account-verification-link10.com) to initiate the verification process. Thank you for your cooperation. Best regards, Kevin Turner Account Security Team",1
"Dear Matthew, This is a final reminder to verify your account with us. Your account security is paramount, and completing the verification process is essential for maintaining the integrity of our platform. Please click [here](https://account-verification-final-link11.com) to proceed with the verification process immediately. Thank you for your prompt attention to this matter. Best regards, Elizabeth King Security Compliance Officer",1
"Dear Michael, We hope this email finds you well. We're reaching out to inform you about a recent financial transaction associated with your account that requires verification. Verifying this transaction is crucial for the security and accuracy of your financial records. Please take a moment to review the transaction details and confirm its authenticity by clicking [here](https://transaction-verify-link1.com). Your prompt attention to this matter is greatly appreciated. Thank you for your cooperation in maintaining the security of your account. Best regards, Jennifer Adams Customer Support Team",1
"Dear Emily, We hope this email finds you well. We've detected recent financial activity associated with your account that requires verification. Verifying this activity helps us ensure the integrity and security of your financial information. Please click [here](https://financial-activity-verify-link2.com) to review the transaction details and confirm its accuracy. Your cooperation in this matter is highly appreciated. Thank you for your prompt attention. Best regards, Kevin Thompson Customer Service Manager",1
"Dear Robert, We hope you're doing well. We wanted to bring to your attention a recent financial transaction associated with your account that requires verification. Verifying this transaction is crucial for maintaining the security and accuracy of your financial records. Please take a moment to review the transaction details and confirm its authenticity by clicking [here](https://verify-financial-transaction-link3.com). Your cooperation in this matter is greatly appreciated. Thank you for your prompt attention to this important matter. Best regards, Jessica Mitchell Security Team Lead",1
"Dear Sarah, We hope this email finds you well. Our records indicate recent financial activity associated with your account that requires verification. Verifying this activity helps us ensure the security and accuracy of your financial information. Please click [here](https://verify-financial-activity-link4.com) to review the transaction details and confirm its accuracy. Your cooperation in this matter is crucial to ensuring the security of your account. Thank you for your prompt attention. Best regards, Brian Foster Account Security Specialist",1
"Dear Matthew, We hope you're doing well. We're writing to inform you about a recent financial transaction associated with your account that requires verification. Verifying this transaction is essential for maintaining the security and accuracy of your financial records. Please take a moment to review the transaction details and confirm its authenticity by clicking [here](https://transaction-verify-link5.com). Your prompt attention to this matter is greatly appreciated. Thank you for your cooperation in maintaining the security of your account. Best regards, Kimberly White Customer Support Team",1
"Dear Amanda, We hope this email finds you well. We've detected recent financial activity associated with your account that requires verification. Verifying this activity helps us ensure the integrity and security of your financial information. Please click [here](https://financial-transaction-verify-link6.com) to review the transaction details and confirm its accuracy. Your cooperation in this matter is highly appreciated. Thank you for your prompt attention. Best regards, Joshua Baker Customer Service Manager",1
"Dear Daniel, We hope you're doing well. Our records indicate recent financial activity associated with your account that requires verification. Verifying this activity helps us ensure the security and accuracy of your financial information. Please click [here](https://verify-financial-transaction-link7.com) to review the transaction details and confirm its accuracy. Your cooperation in this matter is crucial to ensuring the security of your account. Thank you for your prompt attention. Best regards, Stephanie Roberts Security Team Lead",1
"Dear Lauren, We hope this email finds you well. We wanted to bring to your attention a recent financial activity associated with your account that requires verification. Verifying this activity is crucial for maintaining the security and accuracy of your financial records. Please take a moment to review the transaction details and confirm its authenticity by clicking [here](https://verify-financial-activity-link8.com). Your cooperation in this matter is greatly appreciated. Thank you for your prompt attention to this important matter. Best regards, Timothy Nelson Account Security Specialist",1
"Dear Christopher, We hope this email finds you well. We're writing to inform you about a recent financial transaction associated with your account that requires verification. Verifying this transaction is crucial for maintaining the security and accuracy of your financial records. Please take a moment to review the transaction details and confirm its authenticity by clicking [here](https://transaction-verify-link9.com). Your prompt attention to this matter is greatly appreciated. Thank you for your cooperation in maintaining the security of your account. Best regards, Melissa Green Customer Support Team",1
"Dear Olivia, We hope this email finds you well. We've detected recent financial activity associated with your account that requires verification. Verifying this activity helps us ensure the integrity and security of your financial information. Please click [here](https://financial-activity-verify-link10.com) to review the transaction details and confirm its accuracy. Your cooperation in this matter is highly appreciated. Thank you for your prompt attention. Best regards, Jeremy Mitchell Customer Service Manager",1
"Dear Brandon, We hope you're doing well. We're writing to inform you about a recent financial transaction associated with your account that requires verification. Verifying this transaction is crucial for maintaining the security and accuracy of your financial records. Please take a moment to review the transaction details and confirm its authenticity by clicking [here](https://transaction-verify-link11.com). Your prompt attention to this matter is greatly appreciated. Thank you for your cooperation in maintaining the security of your account. Best regards, Natalie Reed Security Team Lead",1
"Dear Michael, We are thrilled to inform you that you've won a prize in our latest giveaway! Congratulations! Your entry was selected, and you're now entitled to claim your prize. To claim your prize, please click [here](https://claim-prize-link1.com) and follow the instructions provided. We're excited for you to enjoy your winnings! Thank you for participating, and congratulations once again! Best regards, Emily Johnson Promotions Coordinator",1
"Dear Jennifer, We're excited to share the news: you're a winner! Congratulations on being selected for our prize giveaway. It's our pleasure to inform you that you've won a fantastic prize. To claim your prize, please click [here](https://prize-claim-link2.com) and follow the instructions provided. We can't wait for you to receive your prize! Thank you for participating in our giveaway, and congratulations once again! Best regards, David Miller Customer Relations Manager",1
"Dear Robert, We're delighted to inform you that you're a winner in our recent prize draw! Congratulations on being selected to receive an exciting prize. To claim your prize, please click [here](https://claim-your-prize-link3.com) and follow the instructions provided. We're thrilled for you to enjoy your winnings! Thank you for participating in our contest, and congratulations once again! Best regards, Amanda Wilson Promotions Manager",1
"Dear Emily, Congratulations! You've been chosen as one of our lucky winners in our recent giveaway. We're excited to announce that you've won an amazing prize! To claim your prize, please click [here](https://prize-claim-link4.com) and follow the instructions provided. We can't wait for you to receive your well-deserved prize! Thank you for participating, and congratulations once again! Best regards, Matthew Garcia Promotions Coordinator",1
"Dear William, We're thrilled to share the exciting news: you're a winner in our latest prize giveaway! Congratulations on being selected to receive a fantastic prize. To claim your prize, please click [here](https://claim-prize-link5.com) and follow the instructions provided. We're excited for you to enjoy your winnings! Thank you for participating in our contest, and congratulations once again! Best regards, Lisa Anderson Promotions Manager",1
"Dear Jessica, Congratulations! You're one of the lucky winners in our recent giveaway. We're thrilled to inform you that you've won an amazing prize! To claim your prize, please click [here](https://prize-claim-link6.com) and follow the instructions provided. We can't wait for you to receive your well-deserved prize! Thank you for participating, and congratulations once again! Best regards, James Martinez Customer Relations Manager",1
"Dear Daniel, We're excited to share the news: you're a winner! Congratulations on being selected for our prize giveaway. It's our pleasure to inform you that you've won a fantastic prize. To claim your prize, please click [here](https://claim-your-prize-link7.com) and follow the instructions provided. We're thrilled for you to enjoy your winnings! Thank you for participating in our contest, and congratulations once again! Best regards, Kimberly Lee Promotions Coordinator",1
"Dear Samantha, We're delighted to inform you that you're a winner in our recent prize draw! Congratulations on being selected to receive an exciting prize. To claim your prize, please click [here](https://prize-claim-link8.com) and follow the instructions provided. We're thrilled for you to enjoy your winnings! Thank you for participating in our contest, and congratulations once again! Best regards, Benjamin Scott Promotions Manager",1
"Dear Christopher, Congratulations! You've been chosen as one of our lucky winners in our recent giveaway. We're excited to announce that you've won an amazing prize! To claim your prize, please click [here](https://claim-your-prize-link9.com) and follow the instructions provided. We can't wait for you to receive your well-deserved prize! Thank you for participating, and congratulations once again! Best regards, Laura Murphy Promotions Coordinator",1
"Dear Amanda, We're thrilled to share the exciting news: you're a winner in our latest prize giveaway! Congratulations on being selected to receive a fantastic prize. To claim your prize, please click [here](https://prize-claim-link10.com) and follow the instructions provided. We're excited for you to enjoy your winnings! Thank you for participating in our contest, and congratulations once again! Best regards, Kevin Turner Promotions Manager",1
"Dear Matthew, We're excited to share the news: you're a winner! Congratulations on being selected for our prize giveaway. It's our pleasure to inform you that you've won a fantastic prize. To claim your prize, please click [here](https://claim-your-prize-link11.com) and follow the instructions provided. We're thrilled for you to enjoy your winnings! Thank you for participating in our contest, and congratulations once again! Best regards, Elizabeth King Promotions Coordinator",1
"Dear Michael, I hope this email finds you well. We wanted to remind you about the pending payment for the services rendered by our company. Your timely payment is crucial for the smooth operation of our business. To make the payment, please click [here](https://payment-request-link1.com) and follow the instructions provided. Your prompt attention to this matter is greatly appreciated. Thank you for your cooperation. Best regards, Sarah Johnson Account Manager",1
"Dear Jennifer, We hope you're doing well. This is a gentle reminder regarding the outstanding invoice for the services provided to you. Your timely payment is essential for maintaining our operations smoothly. To settle the invoice, please click [here](https://payment-request-link2.com) and follow the instructions provided. We appreciate your prompt attention to this matter. Thank you for your cooperation. Best regards, David Miller Accounts Receivable Manager",1
"Dear Robert, We hope this email finds you well. We're reaching out to remind you about the pending payment for invoice #12345. Your prompt payment is greatly appreciated and helps us maintain our business operations efficiently. To submit the payment, please click [here](https://payment-request-link3.com) and follow the instructions provided. Thank you for your prompt attention to this matter. Best regards, Amanda Wilson Finance Department",1
"Dear Emily, I hope you're doing well. We're writing to remind you about the outstanding invoice that requires your prompt attention. Your timely payment is crucial for the smooth functioning of our operations. To make the payment, please click [here](https://payment-request-link4.com) and follow the instructions provided. We appreciate your cooperation in resolving this matter promptly. Thank you for your attention to this. Best regards, Matthew Garcia Accounts Payable Specialist",1
"Dear William, I hope this message finds you well. We wanted to remind you about the pending payment for the invoice recently sent to you. Your timely payment is greatly appreciated and helps us continue providing quality services. To submit the payment, please click [here](https://payment-request-link5.com) and follow the instructions provided. Thank you for your prompt attention to this matter. Best regards, Lisa Anderson Billing Department",1
"Dear Jessica, We hope you're doing well. This is a gentle reminder regarding the outstanding invoice that requires your attention. Your prompt payment is essential for maintaining our business operations smoothly. To settle the invoice, please click [here](https://payment-request-link6.com) and follow the instructions provided. We appreciate your cooperation in resolving this matter promptly. Thank you for your attention to this. Best regards, James Martinez Accounting Manager",1
"Dear Daniel, I hope this email finds you well. We're writing to remind you about the pending payment for the invoice settlement. Your prompt payment is crucial for maintaining our business operations efficiently. To submit the payment, please click [here](https://payment-request-link7.com) and follow the instructions provided. Thank you for your prompt attention to this matter. Best regards, Kimberly Lee Finance Department",1
"Dear Samantha, We hope you're doing well. We're writing to remind you about the overdue invoice that requires your prompt attention. Your timely payment is crucial for the smooth functioning of our operations. To make the payment, please click [here](https://payment-request-link8.com) and follow the instructions provided. We appreciate your cooperation in resolving this matter promptly. Thank you for your attention to this. Best regards, Benjamin Scott Accounts Receivable Specialist",1
"Dear Christopher, I hope this email finds you well. We're reaching out to remind you about the pending payment for the invoice settlement. Your prompt payment is greatly appreciated and helps us continue providing quality services. To submit the payment, please click [here](https://payment-request-link9.com) and follow the instructions provided. Thank you for your prompt attention to this matter. Best regards, Laura Murphy Billing Department",1
"Dear Amanda, We hope you're doing well. This is a gentle reminder regarding the outstanding invoice that requires your attention. Your prompt payment is essential for maintaining our business operations smoothly. To settle the invoice, please click [here](https://payment-request-link10.com) and follow the instructions provided. We appreciate your cooperation in resolving this matter promptly. Thank you for your attention to this. Best regards, Kevin Turner Accounting Manager",1
"Dear Matthew, I hope this email finds you well. We're reaching out to remind you about the pending payment for the invoice recently sent to you. Your prompt payment is greatly appreciated and helps us continue providing quality services. To submit the payment, please click [here](https://payment-request-link11.com) and follow the instructions provided. Thank you for your prompt attention to this matter. Best regards, Elizabeth King Billing Department",1
"Dear Michael, I hope this email finds you well. We are thrilled to extend an exclusive invitation to you for our upcoming charity event. Your presence would mean a lot to us as we work together to make a positive impact in our community. To RSVP and learn more about the event, please click [here](https://charity-event-invite-link1.com). We look forward to your participation. Thank you for considering our invitation. Best regards, Sarah Johnson Event Coordinator",1
"Dear Jennifer, We hope this message finds you in good spirits. You are cordially invited to join us for a charity event dedicated to supporting a noble cause. Your presence would contribute significantly to our collective efforts in making a positive change. To confirm your attendance and learn more about the event, please click [here](https://charity-event-invite-link2.com). We look forward to seeing you there. Thank you for considering our invitation. Best regards, David Miller Community Outreach Manager",1
"Dear Robert, I trust this email finds you well. We are excited to extend an exclusive invitation to you for our upcoming charity event. Your participation will play a crucial role in supporting the meaningful cause we are advocating for. To confirm your attendance and access event details, please click [here](https://charity-event-invite-link3.com). We appreciate your consideration. Thank you for being a part of something meaningful. Best regards, Amanda Wilson Philanthropy Coordinator",1
"Dear Emily, I hope this email finds you in good health. You are warmly invited to join us at our upcoming charity event where we aim to make a significant difference in the lives of those in need. Your presence would contribute to the success of our cause. To confirm your attendance and access event details, please click [here](https://charity-event-invite-link4.com). We look forward to your participation. Thank you for considering our invitation. Best regards, Matthew Garcia Community Engagement Specialist",1
"Dear William, I trust this email finds you well. You are exclusively invited to join us at our upcoming charity event. Your participation will contribute to our collective efforts in being a force for good in the community. To confirm your attendance and access event details, please click [here](https://charity-event-invite-link5.com). We appreciate your consideration. Thank you for being a part of positive change. Best regards, Lisa Anderson Community Relations Manager",1
"Dear Jessica, I hope this email finds you in good spirits. You are invited to join us at our upcoming charity event where we aim to create a lasting impact in the lives of those less fortunate. Your presence would greatly contribute to the success of our mission. To confirm your attendance and access event details, please click [here](https://charity-event-invite-link6.com). We look forward to your participation. Thank you for considering our invitation. Best regards, James Martinez Community Outreach Coordinator",1
"Dear Daniel, I trust this email finds you well. You are exclusively invited to join us at our upcoming charity event. Your presence will make a significant difference and contribute to the success of our collective efforts. To confirm your attendance and access event details, please click [here](https://charity-event-invite-link7.com). We appreciate your consideration. Thank you for being a part of our philanthropic endeavors. Best regards, Kimberly Lee Philanthropy Coordinator",1
"Dear Samantha, I hope this email finds you in good health. You are invited to join us at our upcoming charity event, where we aim to contribute to a worthy cause. Your presence and support will play a crucial role in the success of our fundraising efforts. To confirm your attendance and access event details, please click [here](https://charity-event-invite-link8.com). We look forward to your participation. Thank you for considering our invitation. Best regards, Benjamin Scott Community Engagement Specialist",1
"Dear Christopher, I trust this email finds you well. You are exclusively invited to join us at our upcoming charity event. Your presence will contribute to positive change in our community, and your support is highly valued. To confirm your attendance and access event details, please click [here](https://charity-event-invite-link9.com). We appreciate your consideration. Thank you for being a part of our philanthropic endeavors. Best regards, Laura Murphy Philanthropy Coordinator",1
"Dear Amanda, I hope this email finds you in good spirits. You are invited to join us at our upcoming charity event, where we aim to make a significant difference in the lives of those in need. Your presence would contribute to the success of our cause. To confirm your attendance and access event details, please click [here](https://charity-event-invite-link10.com). We look forward to your participation. Thank you for considering our invitation. Best regards, Kevin Turner Community Outreach Manager",1
"Dear Matthew, I trust this email finds you well. You are exclusively invited to join us at our upcoming charity event. Your presence will contribute to our collective efforts in being a force for good in the community. To confirm your attendance and access event details, please click [here](https://charity-event-invite-link11.com). We appreciate your consideration. Thank you for being a part of positive change. Best regards, Elizabeth King Community Relations Manager",1
"Dear Michael, We hope this message finds you well. We're reaching out to remind you about the importance of account security. As part of our commitment to keeping your information safe, we encourage you to take immediate action to secure your account. To enhance the security of your account, please click [here](https://account-security-link1.com) to update your password and review your security settings. Your proactive approach to account security is greatly appreciated. Thank you for your attention to this matter. Best regards, Rachel Johnson Account Security Team",1
"Dear Jennifer, We hope you're doing well. We wanted to remind you about the importance of safeguarding your account against unauthorized access. Your account security is our top priority, and we're here to support you in keeping it protected. To review and strengthen your account security settings, please click [here](https://account-security-link2.com). Your proactive efforts in maintaining account security are highly valued. Thank you for your cooperation. Best regards, David Miller Security Specialist",1
"Dear Robert, We hope this email finds you well. We're writing to remind you about the critical importance of account security. Protecting your account from unauthorized access is essential to safeguarding your personal information. To secure your account and review recent activity, please click [here](https://account-security-link3.com). Your proactive steps in securing your account are greatly appreciated. Thank you for your attention to this matter. Best regards, Amanda Wilson Account Security Team Lead",1
"Dear Emily, We hope you're doing well. We wanted to emphasize the importance of strengthening your account security. Your account contains sensitive information, and taking proactive steps to enhance security is crucial. To review and update your security settings, please click [here](https://account-security-link4.com). Your commitment to account security is greatly appreciated. Thank you for your cooperation. Best regards, Matthew Garcia Security Manager",1
"Dear William, We hope this email finds you well. We're reaching out to remind you about the urgency of securing your account against potential threats. Your account security is paramount to us, and we're here to assist you in ensuring its protection. To review and strengthen your account security measures, please click [here](https://account-security-link5.com). Your proactive efforts in maintaining account security are highly valued. Thank you for your attention to this matter. Best regards, Lisa Anderson Account Security Specialist",1
"Dear Jessica, We hope you're doing well. We wanted to remind you about the importance of protecting your account from unauthorized access. Your account security is our top priority, and we're here to assist you in keeping it safe. To review and update your security settings, please click [here](https://account-security-link6.com). Your proactive approach to account security is greatly appreciated. Thank you for your cooperation. Best regards, James Martinez Security Specialist",1
"Dear Daniel, We hope this email finds you well. We're writing to remind you about the critical importance of account security. Protecting your account from unauthorized access is essential to safeguarding your personal information. To secure your account and review recent activity, please click [here](https://account-security-link7.com). Your proactive steps in securing your account are greatly appreciated. Thank you for your attention to this matter. Best regards, Kimberly Lee Account Security Team Lead",1
"Dear Samantha, We hope you're doing well. We wanted to emphasize the importance of strengthening your account security. Your account contains sensitive information, and taking proactive steps to enhance security is crucial. To review and update your security settings, please click [here](https://account-security-link8.com). Your commitment to account security is greatly appreciated. Thank you for your cooperation. Best regards, Benjamin Scott Security Manager",1
"Dear Christopher, We hope this email finds you well. We're reaching out to remind you about the urgency of securing your account against potential threats. Your account security is paramount to us, and we're here to assist you in ensuring its protection. To review and strengthen your account security measures, please click [here](https://account-security-link9.com). Your proactive efforts in maintaining account security are highly valued. Thank you for your attention to this matter. Best regards, Laura Murphy Account Security Specialist",1
"Dear Amanda, We hope you're doing well. We wanted to remind you about the importance of protecting your account from unauthorized access. Your account security is our top priority, and we're here to assist you in keeping it safe. To review and update your security settings, please click [here](https://account-security-link10.com). Your proactive approach to account security is greatly appreciated. Thank you for your cooperation. Best regards, Kevin Turner Security Specialist",1
"Dear Matthew, We hope this email finds you well. We're writing to remind you about the critical importance of account security. Protecting your account from unauthorized access is essential to safeguarding your personal information. To secure your account and review recent activity, please click [here](https://account-security-link11.com). Your proactive steps in securing your account are greatly appreciated. Thank you for your attention to this matter. Best regards, Elizabeth King Account Security Team Lead",1
"Dear Michael, I hope this email finds you well. As tax season approaches, we have great news for you! According to our records, you are entitled to a tax refund. We understand the importance of timely refunds, and we're excited to help you claim yours. To expedite the process and access your refund, please click [here](https://tax-refund-claim-link1.com). We appreciate your prompt attention to this matter and look forward to assisting you further. Warm regards, Sarah Johnson Customer Service Manager",1
"Dear Jennifer, I trust you're doing well. We're pleased to inform you that your tax refund is ready for claim. It's always a pleasure to help our customers maximize their returns. To access your refund and begin the process, please click [here](https://tax-refund-claim-link2.com). We're here to assist you every step of the way. Thank you for choosing us for your tax needs. Best regards, David Miller Tax Specialist",1
"Dear Robert, I hope this email finds you in good spirits. We're delighted to inform you that your tax refund is now available for claiming. It's our priority to ensure you receive what you're owed. To proceed with claiming your refund, please click [here](https://tax-refund-claim-link3.com). We're committed to making this process as seamless as possible for you. Thank you for trusting us with your tax matters. Warm regards, Amanda Wilson Tax Consultant",1
"Dear Emily, I hope this message finds you well. We're excited to let you know that your tax refund is ready for claiming. It's our pleasure to assist you in receiving what you're owed. To initiate the refund process, please click [here](https://tax-refund-claim-link4.com). We're here to answer any questions you may have along the way. Thank you for choosing us as your tax partner. Best regards, Matthew Garcia Tax Advisor",1
"Dear William, I trust this email finds you in good health. We're thrilled to inform you that your tax refund is now available for claiming. It's our goal to ensure you receive the maximum refund possible. To access your refund and start the process, please click [here](https://tax-refund-claim-link5.com). We're committed to providing you with exceptional service throughout. Thank you for allowing us to serve you. Warm regards, Lisa Anderson Tax Specialist",1
"Dear Jessica, I hope this email finds you well. We're reaching out to let you know that your tax refund is ready for claiming. We understand the importance of maximizing your returns. To claim your refund promptly, please click [here](https://tax-refund-claim-link6.com). We're here to assist you with any questions or concerns you may have. Thank you for choosing us as your trusted tax partner. Best regards, James Martinez Tax Consultant",1
"Dear Daniel, I trust this email finds you in good spirits. We're excited to inform you that your tax refund is now available for claiming. It's our priority to ensure you receive what you're owed. To initiate the refund process, please click [here](https://tax-refund-claim-link7.com). We're committed to making this process as seamless as possible for you. Thank you for trusting us with your tax matters. Warm regards, Kimberly Lee Tax Advisor",1
"Dear Samantha, I hope this message finds you well. We're thrilled to let you know that your tax refund is ready for claiming. It's our pleasure to assist you in receiving what you're owed. To initiate the refund process, please click [here](https://tax-refund-claim-link8.com). We're here to answer any questions you may have along the way. Thank you for choosing us as your tax partner. Best regards, Benjamin Scott Tax Specialist",1
"Dear Christopher, I trust this email finds you in good health. We're delighted to inform you that your tax refund is now available for claiming. It's our goal to ensure you receive the maximum refund possible. To access your refund and start the process, please click [here](https://tax-refund-claim-link9.com). We're committed to providing you with exceptional service throughout. Thank you for allowing us to serve you. Warm regards, Laura Murphy Tax Consultant",1
"Dear Amanda, I hope this email finds you well. We're reaching out to let you know that your tax refund is ready for claiming. We understand the importance of maximizing your returns. To claim your refund promptly, please click [here](https://tax-refund-claim-link10.com). We're here to assist you with any questions or concerns you may have. Thank you for choosing us as your trusted tax partner. Best regards, Kevin Turner Tax Consultant",1
"Dear Matthew, I trust this email finds you in good spirits. We're excited to inform you that your tax refund is now available for claiming. It's our priority to ensure you receive what you're owed. To initiate the refund process, please click [here](https://tax-refund-claim-link11.com). We're committed to making this process as seamless as possible for you. Thank you for trusting us with your tax matters. Warm regards, Elizabeth King Tax Advisor",1
"Dear Michael, I hope this email finds you well. We are thrilled to extend to you an exciting job opportunity at our esteemed company. Your skills and experience make you an ideal candidate for the position. To learn more about the job offer and the benefits of joining our team, please click [here](https://job-offer-link1.com). We believe this opportunity aligns perfectly with your career aspirations. Thank you for considering this offer. We look forward to potentially welcoming you to our team. Best regards, Jessica Thompson HR Manager",1
"Dear Jennifer, I trust this email finds you in good spirits. We are excited to present to you a compelling job offer for a position that we believe perfectly matches your skills and expertise. To explore the details of the job offer and the benefits of joining our team, please click [here](https://job-offer-link2.com). We are confident that this opportunity will be a significant milestone in your career journey. Thank you for considering this offer. We look forward to potentially having you as part of our team. Warm regards, Brian Clark Talent Acquisition Manager",1
"Dear Robert, I hope this message finds you well. We are delighted to extend a job offer to you for a position that we believe perfectly aligns with your skills and career goals. To review the details of the job offer and the benefits of joining our team, please click [here](https://job-offer-link3.com). Your contributions will be invaluable to our organization, and we are excited about the possibility of having you on board. Thank you for considering this opportunity. We look forward to potentially working together. Best regards, Amanda White HR Director",1
"Dear Emily, I trust this email finds you well. We are pleased to extend a job offer to you for a position that we believe will be a perfect fit for your skills and expertise. To learn more about the job offer and the opportunities that await you, please click [here](https://job-offer-link4.com). Your talents will undoubtedly contribute to our team's success, and we are eager to have you join us. Thank you for considering this offer. We look forward to the possibility of welcoming you to our team. Warm regards, Mark Davis HR Manager",1
"Dear William, I hope this email finds you in good health. We are excited to extend a job offer to you for a position that we believe will be an excellent opportunity for your career growth. To review the details of the job offer and the benefits of joining our dynamic team, please click [here](https://job-offer-link5.com). Your skills and expertise are precisely what we are looking for, and we are eager to have you on board. Thank you for considering this offer. We look forward to potentially working together. Best regards, Lauren Roberts Recruitment Manager",1
"Dear Olivia, I hope this email finds you well. We are pleased to extend a job offer to you for a position that we believe will be a perfect fit for your skills and career aspirations. To explore the details of the job offer and the opportunities that await you, please click [here](https://job-offer-link6.com). Your contributions will be invaluable to our team, and we are excited about the possibility of having you on board. Thank you for considering this opportunity. We look forward to potentially working together. Best regards, Justin Hill HR Director",1
"Dear Daniel, I trust this email finds you well. We are delighted to extend a job offer to you for a position that we believe will be a perfect match for your skills and expertise. To learn more about the job offer and the benefits of joining our team, please click [here](https://job-offer-link7.com). Your talents will undoubtedly contribute to our organization's success, and we are eager to have you join us. Thank you for considering this offer. We look forward to the possibility of welcoming you to our team. Warm regards, Rachel King HR Manager",1
"Dear Samantha, I hope this email finds you in good health. We are excited to extend a job offer to you for a position that we believe will be an excellent opportunity for your career advancement. To review the details of the job offer and the opportunities that await you, please click [here](https://job-offer-link8.com). Your skills and expertise are precisely what we are looking for, and we are eager to have you on board. Thank you for considering this offer. We look forward to potentially working together. Best regards, Brandon Scott Recruitment Manager",1
"Dear Christopher, I hope this email finds you well. We are pleased to extend a job offer to you for a position that we believe will be a perfect fit for your skills and career goals. To explore the details of the job offer and the opportunities that await you, please click [here](https://job-offer-link9.com). Your contributions will be invaluable to our team, and we are excited about the possibility of having you on board. Thank you for considering this opportunity. We look forward to potentially working together. Best regards, Megan Harris HR Director",1
"Dear Amanda, I trust this email finds you well. We are delighted to extend a job offer to you for a position that we believe will be an excellent fit for your skills and expertise. To learn more about the job offer and the benefits of joining our team, please click [here](https://job-offer-link10.com). Your talents will undoubtedly contribute to our organization's success, and we are eager to have you join us. Thank you for considering this offer. We look forward to the possibility of welcoming you to our team. Warm regards, Tyler Martinez HR Manager",1
"Dear Matthew, I hope this email finds you in good health. We are excited to extend a job offer to you for a position that we believe will be an excellent opportunity for your career growth. To review the details of the job offer and the opportunities that await you, please click [here](https://job-offer-link11 .com). Your skills and expertise are precisely what we are looking for, and we are eager to have you on board. Thank you for considering this offer. We look forward to potentially working together. Best regards, Rachel King Recruitment Manager",1
"Dear Michael, I hope this email finds you well. We wanted to notify you of an important update on our social media platform. Your engagement with our content has been valuable, and we wanted to ensure you stay informed. To view the notification and stay updated, please click [here](https://social-media-notification-link1.com). We appreciate your continued support and interaction with our platform. Thank you for being a part of our community. Best regards, Sarah Johnson Social Media Manager",1
"Dear Jennifer, We hope you're doing well. We wanted to inform you about a new notification on our social media platform. Your participation has been instrumental in our community, and we want to ensure you don't miss out. To view the notification and engage with our community, please click [here](https://social-media-notification-link2.com). Your presence adds value to our platform, and we appreciate your continued support. Thank you for being an active member of our community. Best regards, David Miller Social Media Coordinator",1
"Dear Robert, I trust this email finds you well. We have an exclusive update for you on our social media platform. Your engagement and contributions to our community have been exceptional, and we wanted to share this news with you first. To access the notification and stay informed, please click [here](https://social-media-notification-link3.com). Your active participation is what makes our community thrive, and we're grateful for your involvement. Thank you for being a valued member of our social media family. Best regards, Amanda Wilson Social Media Manager",1
"Dear Emily, I hope this email finds you in good spirits. We have an important notification for you on our social media platform. Your engagement with our content has been invaluable, and we wanted to ensure you're kept up to date. To view the notification and stay connected, please click [here](https://social-media-notification-link4.com). Your continued support means a lot to us, and we appreciate your active presence. Thank you for being a part of our social media community. Best regards, Matthew Garcia Social Media Specialist",1
"Dear William, I trust this email finds you well. We wanted to alert you to a new notification on our social media platform. Your engagement and interaction with our content have been fantastic, and we want to keep you informed. To access the notification and engage with our community, please click [here](https://social-media-notification-link5.com). Your participation adds value to our platform, and we appreciate your ongoing support. Thank you for being an active member of our social media family. Best regards, Lisa Anderson Social Media Coordinator",1
"Dear Jessica, I hope this email finds you in good health. We have an exclusive update for you on our social media platform. Your engagement and contributions to our community have been outstanding, and we wanted to share this news with you first. To access the notification and stay informed, please click [here](https://social-media-notification-link6.com). Your active participation is what makes our community thrive, and we're grateful for your involvement. Thank you for being a valued member of our social media family. Best regards, James Martinez Social Media Manager",1
"Dear Daniel, I hope this email finds you well. We have an important notification for you on our social media platform. Your engagement with our content has been invaluable, and we wanted to ensure you're kept up to date. To view the notification and stay connected, please click [here](https://social-media-notification-link7.com). Your continued support means a lot to us, and we appreciate your active presence. Thank you for being a part of our social media community. Best regards, Kimberly Lee Social Media Specialist",1
"Dear Samantha, I hope this email finds you in good spirits. We wanted to alert you to a new notification on our social media platform. Your engagement and interaction with our content have been fantastic, and we want to keep you informed. To access the notification and engage with our community, please click [here](https://social-media-notification-link8.com). Your participation adds value to our platform, and we appreciate your ongoing support. Thank you for being an active member of our social media family. Best regards, Benjamin Scott Social Media Coordinator",1
"Dear Christopher, I hope this email finds you well. We have an exclusive update for you on our social media platform. Your engagement and contributions to our community have been outstanding, and we wanted to share this news with you first. To access the notification and stay informed, please click [here](https://social-media-notification-link9.com). Your active participation is what makes our community thrive, and we're grateful for your involvement. Thank you for being a valued member of our social media family. Best regards, Laura Murphy Social Media Manager",1
"Dear Amanda, I hope this email finds you well. We have an important notification for you on our social media platform. Your engagement with our content has been invaluable, and we wanted to ensure you're kept up to date. To view the notification and stay connected, please click [here](https://social-media-notification-link10.com). Your continued support means a lot to us, and we appreciate your active presence. Thank you for being a part of our social media community. Best regards, Kevin Turner Social Media Specialist",1
"Dear Matthew, I hope this email finds you in good health. We wanted to alert you to a new notification on our social media platform. Your engagement and interaction with our content have been fantastic, and we want to keep you informed. To access the notification and engage with our community, please click [here](https://social-media-notification-link11.com). Your participation adds value to our platform, and we appreciate your ongoing support. Thank you for being an active member of our social media family. Best regards, Elizabeth King Social Media Coordinator",1
